{"$schema":"http://schema.management.azure.com/schemas/2015-01-01/deploymentTemplate.json#","contentVersion":"1.0.0.0","parameters":{"factoryName":{"type":"string","metadata":"Data Factory Name"},"ItaDataServicesBlobStorage":{"type":"string"},"AzureSqlDW_SelectUsa":{"type":"string"}},"variables":{"factoryId":"[concat('Microsoft.DataFactory/factories/', parameters('factoryName'))]"},"resources":[{"name":"[concat(parameters('factoryName'), '/SelectUsaCopyPipeline')]","type":"Microsoft.DataFactory/factories/pipelines","apiVersion":"2018-06-01","properties":{"activities":[{"name":"Copy_IMF_WEODATA","type":"Copy","dependsOn":[],"policy":{"timeout":"7.00:00:00","retry":0,"retryIntervalInSeconds":30,"secureOutput":false,"secureInput":false},"userProperties":[{"name":"Source","value":"select-usa-stats//WORLDBANK_EASE_COUNTRY_METADATA.csv"},{"name":"Destination","value":"dbo.WORLDBANK_EASE_COUNTRY_METADATA"}],"typeProperties":{"source":{"type":"DelimitedTextSource","storeSettings":{"type":"AzureBlobStorageReadSettings","recursive":false,"enablePartitionDiscovery":false},"formatSettings":{"type":"DelimitedTextReadSettings","skipLineCount":0}},"sink":{"type":"SqlDWSink","allowPolyBase":true,"preCopyScript":"TRUNCATE TABLE IMF_WEODATA;","polyBaseSettings":{"rejectValue":0,"rejectType":"value","useTypeDefault":true},"disableMetricsCollection":false},"enableStaging":true,"stagingSettings":{"linkedServiceName":{"referenceName":"[parameters('ItaDataServicesBlobStorage')]","type":"LinkedServiceReference"},"path":"select-usa-stats"},"enableSkipIncompatibleRow":true,"redirectIncompatibleRowSettings":{"linkedServiceName":{"referenceName":"[parameters('ItaDataServicesBlobStorage')]","type":"LinkedServiceReference"},"path":"select-usa-stats"},"translator":{"type":"TabularTranslator","mappings":[{"source":{"name":"WEO Country Group Code","type":"String"},"sink":{"name":"WEO Country Group Code","type":"String"}},{"source":{"name":"WEO Subject Code","type":"String"},"sink":{"name":"WEO Subject Code","type":"String"}},{"source":{"name":"Country Group Name","type":"String"},"sink":{"name":"Country Group Name","type":"String"}},{"source":{"name":"Subject Descriptor","type":"String"},"sink":{"name":"Subject Descriptor","type":"String"}},{"source":{"name":"Subject Notes","type":"String"},"sink":{"name":"Subject Notes","type":"String"}},{"source":{"name":"Units","type":"String"},"sink":{"name":"Units","type":"String"}},{"source":{"name":"Scale","type":"String"},"sink":{"name":"Scale","type":"String"}},{"source":{"name":"Series-specific Notes","type":"String"},"sink":{"name":"Series-specific Notes","type":"String"}},{"source":{"name":"1980","type":"String"},"sink":{"name":"1980","type":"Single"}},{"source":{"name":"1981","type":"String"},"sink":{"name":"1981","type":"Single"}},{"source":{"name":"1982","type":"String"},"sink":{"name":"1982","type":"Single"}},{"source":{"name":"1983","type":"String"},"sink":{"name":"1983","type":"Single"}},{"source":{"name":"1984","type":"String"},"sink":{"name":"1984","type":"Single"}},{"source":{"name":"1985","type":"String"},"sink":{"name":"1985","type":"Single"}},{"source":{"name":"1986","type":"String"},"sink":{"name":"1986","type":"Single"}},{"source":{"name":"1987","type":"String"},"sink":{"name":"1987","type":"Single"}},{"source":{"name":"1988","type":"String"},"sink":{"name":"1988","type":"Single"}},{"source":{"name":"1989","type":"String"},"sink":{"name":"1989","type":"Single"}},{"source":{"name":"1990","type":"String"},"sink":{"name":"1990","type":"Single"}},{"source":{"name":"1991","type":"String"},"sink":{"name":"1991","type":"Single"}},{"source":{"name":"1992","type":"String"},"sink":{"name":"1992","type":"Single"}},{"source":{"name":"1993","type":"String"},"sink":{"name":"1993","type":"Single"}},{"source":{"name":"1994","type":"String"},"sink":{"name":"1994","type":"Single"}},{"source":{"name":"1995","type":"String"},"sink":{"name":"1995","type":"Single"}},{"source":{"name":"1996","type":"String"},"sink":{"name":"1996","type":"Single"}},{"source":{"name":"1997","type":"String"},"sink":{"name":"1997","type":"Single"}},{"source":{"name":"1998","type":"String"},"sink":{"name":"1998","type":"Single"}},{"source":{"name":"1999","type":"String"},"sink":{"name":"1999","type":"Single"}},{"source":{"name":"2000","type":"String"},"sink":{"name":"2000","type":"Single"}},{"source":{"name":"2001","type":"String"},"sink":{"name":"2001","type":"Single"}},{"source":{"name":"2002","type":"String"},"sink":{"name":"2002","type":"Single"}},{"source":{"name":"2003","type":"String"},"sink":{"name":"2003","type":"Single"}},{"source":{"name":"2004","type":"String"},"sink":{"name":"2004","type":"Single"}},{"source":{"name":"2005","type":"String"},"sink":{"name":"2005","type":"Single"}},{"source":{"name":"2006","type":"String"},"sink":{"name":"2006","type":"Single"}},{"source":{"name":"2007","type":"String"},"sink":{"name":"2007","type":"Single"}},{"source":{"name":"2008","type":"String"},"sink":{"name":"2008","type":"Single"}},{"source":{"name":"2009","type":"String"},"sink":{"name":"2009","type":"Single"}},{"source":{"name":"2010","type":"String"},"sink":{"name":"2010","type":"Single"}},{"source":{"name":"2011","type":"String"},"sink":{"name":"2011","type":"Single"}},{"source":{"name":"2012","type":"String"},"sink":{"name":"2012","type":"Single"}},{"source":{"name":"2013","type":"String"},"sink":{"name":"2013","type":"Single"}},{"source":{"name":"2014","type":"String"},"sink":{"name":"2014","type":"Single"}},{"source":{"name":"2015","type":"String"},"sink":{"name":"2015","type":"Single"}},{"source":{"name":"2016","type":"String"},"sink":{"name":"2016","type":"Single"}},{"source":{"name":"2017","type":"String"},"sink":{"name":"2017","type":"Single"}},{"source":{"name":"2018","type":"String"},"sink":{"name":"2018","type":"Single"}},{"source":{"name":"2019","type":"String"},"sink":{"name":"2019","type":"Single"}},{"source":{"name":"2020","type":"String"},"sink":{"name":"2020","type":"Single"}},{"source":{"name":"2021","type":"String"},"sink":{"name":"2021","type":"Single"}},{"source":{"name":"2022","type":"String"},"sink":{"name":"2022","type":"Single"}},{"source":{"name":"2023","type":"String"},"sink":{"name":"2023","type":"Single"}},{"source":{"name":"2024","type":"String"},"sink":{"name":"2024","type":"Single"}},{"source":{"name":"Estimates Start After","type":"String"},"sink":{"name":"Estimates Start After","type":"String"}}]}},"inputs":[{"referenceName":"Src_IMF_WEODATA","type":"DatasetReference","parameters":{}}],"outputs":[{"referenceName":"DestImfWeodata","type":"DatasetReference","parameters":{}}]},{"name":"Copy_Worldbank_Country_Metadata","type":"Copy","dependsOn":[],"policy":{"timeout":"7.00:00:00","retry":0,"retryIntervalInSeconds":30,"secureOutput":false,"secureInput":false},"userProperties":[],"typeProperties":{"source":{"type":"DelimitedTextSource","storeSettings":{"type":"AzureBlobStorageReadSettings","recursive":true},"formatSettings":{"type":"DelimitedTextReadSettings"}},"sink":{"type":"SqlDWSink","allowPolyBase":true,"preCopyScript":"TRUNCATE TABLE WORLDBANK_EASE_COUNTRY_METADATA;","polyBaseSettings":{"rejectValue":0,"rejectType":"value","useTypeDefault":true},"disableMetricsCollection":false},"enableStaging":true,"stagingSettings":{"linkedServiceName":{"referenceName":"[parameters('ItaDataServicesBlobStorage')]","type":"LinkedServiceReference"},"path":"select-usa-stats"},"translator":{"type":"TabularTranslator","mappings":[{"source":{"name":"Country Code","type":"String"},"sink":{"name":"COUNTRY_CODE","type":"String"}},{"source":{"name":"Region","type":"String"},"sink":{"name":"REGION","type":"String"}},{"source":{"name":"IncomeGroup","type":"String"},"sink":{"name":"INCOME_GROUP","type":"String"}},{"source":{"name":"SpecialNotes","type":"String"},"sink":{"name":"SPECIAL_NOTES","type":"String"}},{"source":{"name":"TableName","type":"String"},"sink":{"name":"TABLE_NAME","type":"String"}}]}},"inputs":[{"referenceName":"Src_Worldbank_Ease_Country_Metadata","type":"DatasetReference","parameters":{}}],"outputs":[{"referenceName":"DestWorldbankCountryMetadata","type":"DatasetReference","parameters":{}}]}],"annotations":[]},"dependsOn":["[concat(variables('factoryId'), '/datasets/Src_IMF_WEODATA')]","[concat(variables('factoryId'), '/datasets/DestImfWeodata')]","[concat(variables('factoryId'), '/datasets/Src_Worldbank_Ease_Country_Metadata')]","[concat(variables('factoryId'), '/datasets/DestWorldbankCountryMetadata')]"]},{"name":"[concat(parameters('factoryName'), '/Src_IMF_WEODATA')]","type":"Microsoft.DataFactory/factories/datasets","apiVersion":"2018-06-01","properties":{"linkedServiceName":{"referenceName":"[parameters('ItaDataServicesBlobStorage')]","type":"LinkedServiceReference"},"annotations":[],"type":"DelimitedText","typeProperties":{"location":{"type":"AzureBlobStorageLocation","fileName":"WEODATA.csv","container":"select-usa-stats"},"columnDelimiter":"\t","escapeChar":"\\","firstRowAsHeader":true,"nullValue":"NULL-VALUE","quoteChar":"\""},"schema":[{"name":"WEO Country Group Code","type":"String"},{"name":"WEO Subject Code","type":"String"},{"name":"Country Group Name","type":"String"},{"name":"Subject Descriptor","type":"String"},{"name":"Subject Notes","type":"String"},{"name":"Units","type":"String"},{"name":"Scale","type":"String"},{"name":"Series-specific Notes","type":"String"},{"name":"1980","type":"String"},{"name":"1981","type":"String"},{"name":"1982","type":"String"},{"name":"1983","type":"String"},{"name":"1984","type":"String"},{"name":"1985","type":"String"},{"name":"1986","type":"String"},{"name":"1987","type":"String"},{"name":"1988","type":"String"},{"name":"1989","type":"String"},{"name":"1990","type":"String"},{"name":"1991","type":"String"},{"name":"1992","type":"String"},{"name":"1993","type":"String"},{"name":"1994","type":"String"},{"name":"1995","type":"String"},{"name":"1996","type":"String"},{"name":"1997","type":"String"},{"name":"1998","type":"String"},{"name":"1999","type":"String"},{"name":"2000","type":"String"},{"name":"2001","type":"String"},{"name":"2002","type":"String"},{"name":"2003","type":"String"},{"name":"2004","type":"String"},{"name":"2005","type":"String"},{"name":"2006","type":"String"},{"name":"2007","type":"String"},{"name":"2008","type":"String"},{"name":"2009","type":"String"},{"name":"2010","type":"String"},{"name":"2011","type":"String"},{"name":"2012","type":"String"},{"name":"2013","type":"String"},{"name":"2014","type":"String"},{"name":"2015","type":"String"},{"name":"2016","type":"String"},{"name":"2017","type":"String"},{"name":"2018","type":"String"},{"name":"2019","type":"String"},{"name":"2020","type":"String"},{"name":"2021","type":"String"},{"name":"2022","type":"String"},{"name":"2023","type":"String"},{"name":"2024","type":"String"},{"name":"Estimates Start After","type":"String"}]},"dependsOn":[]},{"name":"[concat(parameters('factoryName'), '/DestImfWeodata')]","type":"Microsoft.DataFactory/factories/datasets","apiVersion":"2018-06-01","properties":{"linkedServiceName":{"referenceName":"[parameters('AzureSqlDW_SelectUsa')]","type":"LinkedServiceReference"},"annotations":[],"type":"AzureSqlDWTable","schema":[{"name":"WEO Country Group Code","type":"varchar"},{"name":"WEO Subject Code","type":"varchar"},{"name":"Country Group Name","type":"varchar"},{"name":"Subject Descriptor","type":"varchar"},{"name":"Subject Notes","type":"varchar"},{"name":"Units","type":"varchar"},{"name":"Scale","type":"varchar"},{"name":"Series-specific Notes","type":"varchar"},{"name":"1980","type":"varchar"},{"name":"1981","type":"varchar"},{"name":"1982","type":"varchar"},{"name":"1983","type":"varchar"},{"name":"1984","type":"varchar"},{"name":"1985","type":"varchar"},{"name":"1986","type":"varchar"},{"name":"1987","type":"varchar"},{"name":"1988","type":"varchar"},{"name":"1989","type":"varchar"},{"name":"1990","type":"varchar"},{"name":"1991","type":"varchar"},{"name":"1992","type":"varchar"},{"name":"1993","type":"varchar"},{"name":"1994","type":"varchar"},{"name":"1995","type":"varchar"},{"name":"1996","type":"varchar"},{"name":"1997","type":"varchar"},{"name":"1998","type":"varchar"},{"name":"1999","type":"varchar"},{"name":"2000","type":"varchar"},{"name":"2001","type":"varchar"},{"name":"2002","type":"varchar"},{"name":"2003","type":"varchar"},{"name":"2004","type":"varchar"},{"name":"2005","type":"varchar"},{"name":"2006","type":"varchar"},{"name":"2007","type":"varchar"},{"name":"2008","type":"varchar"},{"name":"2009","type":"varchar"},{"name":"2010","type":"varchar"},{"name":"2011","type":"varchar"},{"name":"2012","type":"varchar"},{"name":"2013","type":"varchar"},{"name":"2014","type":"varchar"},{"name":"2015","type":"varchar"},{"name":"2016","type":"varchar"},{"name":"2017","type":"varchar"},{"name":"2018","type":"varchar"},{"name":"2019","type":"varchar"},{"name":"2020","type":"varchar"},{"name":"2021","type":"varchar"},{"name":"2022","type":"varchar"},{"name":"2023","type":"varchar"},{"name":"2024","type":"varchar"},{"name":"Estimates Start After","type":"varchar"}],"typeProperties":{"schema":"dbo","table":"IMF_WEODATA"}},"dependsOn":[]},{"name":"[concat(parameters('factoryName'), '/Src_Worldbank_Ease_Country_Metadata')]","type":"Microsoft.DataFactory/factories/datasets","apiVersion":"2018-06-01","properties":{"linkedServiceName":{"referenceName":"[parameters('ItaDataServicesBlobStorage')]","type":"LinkedServiceReference"},"annotations":[],"type":"DelimitedText","typeProperties":{"location":{"type":"AzureBlobStorageLocation","fileName":"WORLDBANK_EASE_COUNTRY_METADATA.csv","container":"select-usa-stats"},"columnDelimiter":",","escapeChar":"\\","firstRowAsHeader":true,"quoteChar":"\""},"schema":[{"name":"Country Code","type":"String"},{"name":"Region","type":"String"},{"name":"IncomeGroup","type":"String"},{"name":"SpecialNotes","type":"String"},{"name":"TableName","type":"String"}]},"dependsOn":[]},{"name":"[concat(parameters('factoryName'), '/DestWorldbankCountryMetadata')]","type":"Microsoft.DataFactory/factories/datasets","apiVersion":"2018-06-01","properties":{"linkedServiceName":{"referenceName":"[parameters('AzureSqlDW_SelectUsa')]","type":"LinkedServiceReference"},"annotations":[],"type":"AzureSqlDWTable","schema":[{"name":"COUNTRY_CODE","type":"varchar"},{"name":"REGION","type":"varchar"},{"name":"INCOME_GROUP","type":"varchar"},{"name":"SPECIAL_NOTES","type":"varchar"},{"name":"TABLE_NAME","type":"varchar"}],"typeProperties":{"schema":"dbo","table":"WORLDBANK_EASE_COUNTRY_METADATA"}},"dependsOn":[]}]}