{"$schema":"http://schema.management.azure.com/schemas/2015-01-01/deploymentTemplate.json#","contentVersion":"1.0.0.0","parameters":{"factoryName":{"type":"string","metadata":"Data Factory Name"},"ItaDataServicesBlobStorage":{"type":"string"},"AzureSqlDW_SelectUsa":{"type":"string"}},"variables":{"factoryId":"[concat('Microsoft.DataFactory/factories/', parameters('factoryName'))]"},"resources":[{"name":"[concat(parameters('factoryName'), '/SelectUsaCopyPipeline')]","type":"Microsoft.DataFactory/factories/pipelines","apiVersion":"2018-06-01","properties":{"activities":[{"name":"Copy IMF WEODATA","type":"Copy","dependsOn":[],"policy":{"timeout":"7.00:00:00","retry":0,"retryIntervalInSeconds":30,"secureOutput":false,"secureInput":false},"userProperties":[{"name":"Source","value":"select-usa-stats//WORLDBANK_EASE_COUNTRY_METADATA.csv"},{"name":"Destination","value":"dbo.WORLDBANK_EASE_COUNTRY_METADATA"}],"typeProperties":{"source":{"type":"DelimitedTextSource","storeSettings":{"type":"AzureBlobStorageReadSettings","recursive":false,"enablePartitionDiscovery":false},"formatSettings":{"type":"DelimitedTextReadSettings","skipLineCount":0}},"sink":{"type":"SqlDWSink","allowPolyBase":true,"preCopyScript":"TRUNCATE TABLE IMF_WEODATA;","polyBaseSettings":{"rejectValue":0,"rejectType":"value","useTypeDefault":true},"disableMetricsCollection":false},"enableStaging":true,"stagingSettings":{"linkedServiceName":{"referenceName":"[parameters('ItaDataServicesBlobStorage')]","type":"LinkedServiceReference"},"path":"select-usa-stats"},"enableSkipIncompatibleRow":true,"redirectIncompatibleRowSettings":{"linkedServiceName":{"referenceName":"[parameters('ItaDataServicesBlobStorage')]","type":"LinkedServiceReference"},"path":"select-usa-stats"},"translator":{"type":"TabularTranslator","mappings":[{"source":{"name":"WEO Country Group Code","type":"String"},"sink":{"name":"WEO Country Group Code","type":"String"}},{"source":{"name":"WEO Subject Code","type":"String"},"sink":{"name":"WEO Subject Code","type":"String"}},{"source":{"name":"Country Group Name","type":"String"},"sink":{"name":"Country Group Name","type":"String"}},{"source":{"name":"Subject Descriptor","type":"String"},"sink":{"name":"Subject Descriptor","type":"String"}},{"source":{"name":"Subject Notes","type":"String"},"sink":{"name":"Subject Notes","type":"String"}},{"source":{"name":"Units","type":"String"},"sink":{"name":"Units","type":"String"}},{"source":{"name":"Scale","type":"String"},"sink":{"name":"Scale","type":"String"}},{"source":{"name":"Series-specific Notes","type":"String"},"sink":{"name":"Series-specific Notes","type":"String"}},{"source":{"name":"1980","type":"String"},"sink":{"name":"1980","type":"Single"}},{"source":{"name":"1981","type":"String"},"sink":{"name":"1981","type":"Single"}},{"source":{"name":"1982","type":"String"},"sink":{"name":"1982","type":"Single"}},{"source":{"name":"1983","type":"String"},"sink":{"name":"1983","type":"Single"}},{"source":{"name":"1984","type":"String"},"sink":{"name":"1984","type":"Single"}},{"source":{"name":"1985","type":"String"},"sink":{"name":"1985","type":"Single"}},{"source":{"name":"1986","type":"String"},"sink":{"name":"1986","type":"Single"}},{"source":{"name":"1987","type":"String"},"sink":{"name":"1987","type":"Single"}},{"source":{"name":"1988","type":"String"},"sink":{"name":"1988","type":"Single"}},{"source":{"name":"1989","type":"String"},"sink":{"name":"1989","type":"Single"}},{"source":{"name":"1990","type":"String"},"sink":{"name":"1990","type":"Single"}},{"source":{"name":"1991","type":"String"},"sink":{"name":"1991","type":"Single"}},{"source":{"name":"1992","type":"String"},"sink":{"name":"1992","type":"Single"}},{"source":{"name":"1993","type":"String"},"sink":{"name":"1993","type":"Single"}},{"source":{"name":"1994","type":"String"},"sink":{"name":"1994","type":"Single"}},{"source":{"name":"1995","type":"String"},"sink":{"name":"1995","type":"Single"}},{"source":{"name":"1996","type":"String"},"sink":{"name":"1996","type":"Single"}},{"source":{"name":"1997","type":"String"},"sink":{"name":"1997","type":"Single"}},{"source":{"name":"1998","type":"String"},"sink":{"name":"1998","type":"Single"}},{"source":{"name":"1999","type":"String"},"sink":{"name":"1999","type":"Single"}},{"source":{"name":"2000","type":"String"},"sink":{"name":"2000","type":"Single"}},{"source":{"name":"2001","type":"String"},"sink":{"name":"2001","type":"Single"}},{"source":{"name":"2002","type":"String"},"sink":{"name":"2002","type":"Single"}},{"source":{"name":"2003","type":"String"},"sink":{"name":"2003","type":"Single"}},{"source":{"name":"2004","type":"String"},"sink":{"name":"2004","type":"Single"}},{"source":{"name":"2005","type":"String"},"sink":{"name":"2005","type":"Single"}},{"source":{"name":"2006","type":"String"},"sink":{"name":"2006","type":"Single"}},{"source":{"name":"2007","type":"String"},"sink":{"name":"2007","type":"Single"}},{"source":{"name":"2008","type":"String"},"sink":{"name":"2008","type":"Single"}},{"source":{"name":"2009","type":"String"},"sink":{"name":"2009","type":"Single"}},{"source":{"name":"2010","type":"String"},"sink":{"name":"2010","type":"Single"}},{"source":{"name":"2011","type":"String"},"sink":{"name":"2011","type":"Single"}},{"source":{"name":"2012","type":"String"},"sink":{"name":"2012","type":"Single"}},{"source":{"name":"2013","type":"String"},"sink":{"name":"2013","type":"Single"}},{"source":{"name":"2014","type":"String"},"sink":{"name":"2014","type":"Single"}},{"source":{"name":"2015","type":"String"},"sink":{"name":"2015","type":"Single"}},{"source":{"name":"2016","type":"String"},"sink":{"name":"2016","type":"Single"}},{"source":{"name":"2017","type":"String"},"sink":{"name":"2017","type":"Single"}},{"source":{"name":"2018","type":"String"},"sink":{"name":"2018","type":"Single"}},{"source":{"name":"2019","type":"String"},"sink":{"name":"2019","type":"Single"}},{"source":{"name":"2020","type":"String"},"sink":{"name":"2020","type":"Single"}},{"source":{"name":"2021","type":"String"},"sink":{"name":"2021","type":"Single"}},{"source":{"name":"2022","type":"String"},"sink":{"name":"2022","type":"Single"}},{"source":{"name":"2023","type":"String"},"sink":{"name":"2023","type":"Single"}},{"source":{"name":"2024","type":"String"},"sink":{"name":"2024","type":"Single"}},{"source":{"name":"Estimates Start After","type":"String"},"sink":{"name":"Estimates Start After","type":"String"}}]}},"inputs":[{"referenceName":"IMF_WEODATA_Blob","type":"DatasetReference","parameters":{}}],"outputs":[{"referenceName":"ImfWeodata","type":"DatasetReference","parameters":{}}]},{"name":"Copy Worldbank Ease Country Metadata","type":"Copy","dependsOn":[],"policy":{"timeout":"7.00:00:00","retry":0,"retryIntervalInSeconds":30,"secureOutput":false,"secureInput":false},"userProperties":[],"typeProperties":{"source":{"type":"DelimitedTextSource","storeSettings":{"type":"AzureBlobStorageReadSettings","recursive":true},"formatSettings":{"type":"DelimitedTextReadSettings"}},"sink":{"type":"SqlDWSink","allowPolyBase":true,"preCopyScript":"TRUNCATE TABLE WORLDBANK_EASE_COUNTRY_METADATA;","polyBaseSettings":{"rejectValue":0,"rejectType":"value","useTypeDefault":true},"disableMetricsCollection":false},"enableStaging":true,"stagingSettings":{"linkedServiceName":{"referenceName":"[parameters('ItaDataServicesBlobStorage')]","type":"LinkedServiceReference"},"path":"select-usa-stats"},"translator":{"type":"TabularTranslator","mappings":[{"source":{"name":"Country Code","type":"String"},"sink":{"name":"COUNTRY_CODE","type":"String"}},{"source":{"name":"Region","type":"String"},"sink":{"name":"REGION","type":"String"}},{"source":{"name":"IncomeGroup","type":"String"},"sink":{"name":"INCOME_GROUP","type":"String"}},{"source":{"name":"SpecialNotes","type":"String"},"sink":{"name":"SPECIAL_NOTES","type":"String"}},{"source":{"name":"TableName","type":"String"},"sink":{"name":"TABLE_NAME","type":"String"}}]}},"inputs":[{"referenceName":"WorldbankEaseCountryMetadataBlob","type":"DatasetReference","parameters":{}}],"outputs":[{"referenceName":"WorldbankEaseCountryMetadata","type":"DatasetReference","parameters":{}}]},{"name":"Copy Worldbank Ease Country Index","type":"Copy","dependsOn":[],"policy":{"timeout":"7.00:00:00","retry":0,"retryIntervalInSeconds":30,"secureOutput":false,"secureInput":false},"userProperties":[],"typeProperties":{"source":{"type":"DelimitedTextSource","storeSettings":{"type":"AzureBlobStorageReadSettings","recursive":true},"formatSettings":{"type":"DelimitedTextReadSettings","skipLineCount":4}},"sink":{"type":"SqlDWSink","allowPolyBase":true,"preCopyScript":"TRUNCATE TABLE  WORLDBANK_EASE_COUNTRY_INDEX","polyBaseSettings":{"rejectValue":0,"rejectType":"value","useTypeDefault":true},"disableMetricsCollection":false},"enableStaging":true,"stagingSettings":{"linkedServiceName":{"referenceName":"[parameters('ItaDataServicesBlobStorage')]","type":"LinkedServiceReference"},"path":"select-usa-stats"},"translator":{"type":"TabularTranslator","mappings":[{"source":{"type":"String","ordinal":1},"sink":{"name":"Country Name","type":"String"}},{"source":{"type":"String","ordinal":2},"sink":{"name":"Country Code","type":"String"}},{"source":{"type":"String","ordinal":3},"sink":{"name":"Indicator Name","type":"String"}},{"source":{"type":"String","ordinal":4},"sink":{"name":"Indicator Code","type":"String"}},{"source":{"type":"String","ordinal":5},"sink":{"name":"1960","type":"Int32"}},{"source":{"type":"String","ordinal":6},"sink":{"name":"1961","type":"Int32"}},{"source":{"type":"String","ordinal":7},"sink":{"name":"1962","type":"Int32"}},{"source":{"type":"String","ordinal":8},"sink":{"name":"1963","type":"Int32"}},{"source":{"type":"String","ordinal":9},"sink":{"name":"1964","type":"Int32"}},{"source":{"type":"String","ordinal":10},"sink":{"name":"1965","type":"Int32"}},{"source":{"type":"String","ordinal":11},"sink":{"name":"1966","type":"Int32"}},{"source":{"type":"String","ordinal":12},"sink":{"name":"1967","type":"Int32"}},{"source":{"type":"String","ordinal":13},"sink":{"name":"1968","type":"Int32"}},{"source":{"type":"String","ordinal":14},"sink":{"name":"1969","type":"Int32"}},{"source":{"type":"String","ordinal":15},"sink":{"name":"1970","type":"Int32"}},{"source":{"type":"String","ordinal":16},"sink":{"name":"1971","type":"Int32"}},{"source":{"type":"String","ordinal":17},"sink":{"name":"1972","type":"Int32"}},{"source":{"type":"String","ordinal":18},"sink":{"name":"1973","type":"Int32"}},{"source":{"type":"String","ordinal":19},"sink":{"name":"1974","type":"Int32"}},{"source":{"type":"String","ordinal":20},"sink":{"name":"1975","type":"Int32"}},{"source":{"type":"String","ordinal":21},"sink":{"name":"1976","type":"Int32"}},{"source":{"type":"String","ordinal":22},"sink":{"name":"1977","type":"Int32"}},{"source":{"type":"String","ordinal":23},"sink":{"name":"1978","type":"Int32"}},{"source":{"type":"String","ordinal":24},"sink":{"name":"1979","type":"Int32"}},{"source":{"type":"String","ordinal":25},"sink":{"name":"1980","type":"Int32"}},{"source":{"type":"String","ordinal":26},"sink":{"name":"1981","type":"Int32"}},{"source":{"type":"String","ordinal":27},"sink":{"name":"1982","type":"Int32"}},{"source":{"type":"String","ordinal":28},"sink":{"name":"1983","type":"Int32"}},{"source":{"type":"String","ordinal":29},"sink":{"name":"1984","type":"Int32"}},{"source":{"type":"String","ordinal":30},"sink":{"name":"1985","type":"Int32"}},{"source":{"type":"String","ordinal":31},"sink":{"name":"1986","type":"Int32"}},{"source":{"type":"String","ordinal":32},"sink":{"name":"1987","type":"Int32"}},{"source":{"type":"String","ordinal":33},"sink":{"name":"1988","type":"Int32"}},{"source":{"type":"String","ordinal":34},"sink":{"name":"1989","type":"Int32"}},{"source":{"type":"String","ordinal":35},"sink":{"name":"1990","type":"Int32"}},{"source":{"type":"String","ordinal":36},"sink":{"name":"1991","type":"Int32"}},{"source":{"type":"String","ordinal":37},"sink":{"name":"1992","type":"Int32"}},{"source":{"type":"String","ordinal":38},"sink":{"name":"1993","type":"Int32"}},{"source":{"type":"String","ordinal":39},"sink":{"name":"1994","type":"Int32"}},{"source":{"type":"String","ordinal":40},"sink":{"name":"1995","type":"Int32"}},{"source":{"type":"String","ordinal":41},"sink":{"name":"1996","type":"Int32"}},{"source":{"type":"String","ordinal":42},"sink":{"name":"1997","type":"Int32"}},{"source":{"type":"String","ordinal":43},"sink":{"name":"1998","type":"Int32"}},{"source":{"type":"String","ordinal":44},"sink":{"name":"1999","type":"Int32"}},{"source":{"type":"String","ordinal":45},"sink":{"name":"2000","type":"Int32"}},{"source":{"type":"String","ordinal":46},"sink":{"name":"2001","type":"Int32"}},{"source":{"type":"String","ordinal":47},"sink":{"name":"2002","type":"Int32"}},{"source":{"type":"String","ordinal":48},"sink":{"name":"2003","type":"Int32"}},{"source":{"type":"String","ordinal":49},"sink":{"name":"2004","type":"Int32"}},{"source":{"type":"String","ordinal":50},"sink":{"name":"2005","type":"Int32"}},{"source":{"type":"String","ordinal":51},"sink":{"name":"2006","type":"Int32"}},{"source":{"type":"String","ordinal":52},"sink":{"name":"2007","type":"Int32"}},{"source":{"type":"String","ordinal":53},"sink":{"name":"2008","type":"Int32"}},{"source":{"type":"String","ordinal":54},"sink":{"name":"2009","type":"Int32"}},{"source":{"type":"String","ordinal":55},"sink":{"name":"2010","type":"Int32"}},{"source":{"type":"String","ordinal":56},"sink":{"name":"2011","type":"Int32"}},{"source":{"type":"String","ordinal":57},"sink":{"name":"2012","type":"Int32"}},{"source":{"type":"String","ordinal":58},"sink":{"name":"2013","type":"Int32"}},{"source":{"type":"String","ordinal":59},"sink":{"name":"2014","type":"Int32"}},{"source":{"type":"String","ordinal":60},"sink":{"name":"2015","type":"Int32"}},{"source":{"type":"String","ordinal":61},"sink":{"name":"2016","type":"Int32"}},{"source":{"type":"String","ordinal":62},"sink":{"name":"2017","type":"Int32"}},{"source":{"type":"String","ordinal":63},"sink":{"name":"2018","type":"Int32"}}]}},"inputs":[{"referenceName":"WorldbankEaseCountryIndexBlob","type":"DatasetReference","parameters":{}}],"outputs":[{"referenceName":"WorldbankEaseCountryIndex","type":"DatasetReference","parameters":{}}]},{"name":"Copy BEA NIPA","type":"Copy","dependsOn":[],"policy":{"timeout":"7.00:00:00","retry":0,"retryIntervalInSeconds":30,"secureOutput":false,"secureInput":false},"userProperties":[],"typeProperties":{"source":{"type":"JsonSource","storeSettings":{"type":"AzureBlobStorageReadSettings","recursive":true}},"sink":{"type":"SqlDWSink","allowPolyBase":true,"preCopyScript":"TRUNCATE TABLE BEA_NIPA","polyBaseSettings":{"rejectValue":0,"rejectType":"value","useTypeDefault":true},"disableMetricsCollection":false},"enableStaging":true,"stagingSettings":{"linkedServiceName":{"referenceName":"[parameters('ItaDataServicesBlobStorage')]","type":"LinkedServiceReference"}},"translator":{"type":"TabularTranslator","mappings":[{"source":{"path":"[['TableName']"},"sink":{"name":"TableName","type":"String"}},{"source":{"path":"[['SeriesCode']"},"sink":{"name":"SeriesCode","type":"String"}},{"source":{"path":"[['LineNumber']"},"sink":{"name":"LineNumber","type":"Int32"}},{"source":{"path":"[['LineDescription']"},"sink":{"name":"LineDescription","type":"String"}},{"source":{"path":"[['TimePeriod']"},"sink":{"name":"TimePeriod","type":"Int32"}},{"source":{"path":"[['METRIC_NAME']"},"sink":{"name":"METRIC_NAME","type":"String"}},{"source":{"path":"[['CL_UNIT']"},"sink":{"name":"CL_UNIT","type":"String"}},{"source":{"path":"[['UNIT_MULT']"},"sink":{"name":"UNIT_MULT","type":"Int32"}},{"source":{"path":"[['DataValue']"},"sink":{"name":"DataValue","type":"Int32"}},{"source":{"path":"[['NoteRef']"},"sink":{"name":"NoteRef","type":"Int32"}}],"collectionReference":"$['BEAAPI']['Results']['Data']"}},"inputs":[{"referenceName":"BEA_NIPA_Blob","type":"DatasetReference","parameters":{}}],"outputs":[{"referenceName":"BeaNipa","type":"DatasetReference","parameters":{}}]},{"name":"Copy BEA MNE Country","type":"Copy","dependsOn":[],"policy":{"timeout":"7.00:00:00","retry":0,"retryIntervalInSeconds":30,"secureOutput":false,"secureInput":false},"userProperties":[],"typeProperties":{"source":{"type":"JsonSource","storeSettings":{"type":"AzureBlobStorageReadSettings","recursive":true,"wildcardFileName":"*.json"}},"sink":{"type":"SqlDWSink","allowPolyBase":true,"preCopyScript":"TRUNCATE TABLE BEA_MNE_COUNTRY","polyBaseSettings":{"rejectValue":0,"rejectType":"value","useTypeDefault":true},"disableMetricsCollection":false},"enableStaging":true,"stagingSettings":{"linkedServiceName":{"referenceName":"[parameters('ItaDataServicesBlobStorage')]","type":"LinkedServiceReference"}},"translator":{"type":"TabularTranslator","mappings":[{"source":{"path":"$['BEAAPI']['Results']['DIRECTIONOFINVESTMENT']"},"sink":{"name":"DIRECTIONOFINVESTMENT","type":"String"}},{"source":{"path":"$['BEAAPI']['Results']['OwnershipLevel']"},"sink":{"name":"OwnershipLevel","type":"Int32"}},{"source":{"path":"[['Year']"},"sink":{"name":"Year","type":"Int32"}},{"source":{"path":"[['SeriesID']"},"sink":{"name":"SeriesID","type":"Int32"}},{"source":{"path":"[['SeriesName']"},"sink":{"name":"SeriesName","type":"String"}},{"source":{"path":"[['Row']"},"sink":{"name":"Row","type":"String"}},{"source":{"path":"[['Column']"},"sink":{"name":"Column","type":"String"}},{"source":{"path":"[['RowCode']"},"sink":{"name":"RowCode","type":"String"}},{"source":{"path":"[['ColumnCode']"},"sink":{"name":"ColumnCode","type":"String"}},{"source":{"path":"[['TableScale']"},"sink":{"name":"TableScale","type":"String"}},{"source":{"path":"[['DataValueUnformatted']"},"sink":{"name":"DataValueUnformatted","type":"String"}},{"source":{"path":"[['DataValue']"},"sink":{"name":"DataValue","type":"String"}}],"collectionReference":"$['BEAAPI']['Results']['Data']"}},"inputs":[{"referenceName":"BeaMneCountryBlobs","type":"DatasetReference","parameters":{}}],"outputs":[{"referenceName":"BeaMneCountry","type":"DatasetReference","parameters":{}}]}],"annotations":[]},"dependsOn":["[concat(variables('factoryId'), '/datasets/IMF_WEODATA_Blob')]","[concat(variables('factoryId'), '/datasets/ImfWeodata')]","[concat(variables('factoryId'), '/datasets/WorldbankEaseCountryMetadataBlob')]","[concat(variables('factoryId'), '/datasets/WorldbankEaseCountryMetadata')]","[concat(variables('factoryId'), '/datasets/WorldbankEaseCountryIndexBlob')]","[concat(variables('factoryId'), '/datasets/WorldbankEaseCountryIndex')]","[concat(variables('factoryId'), '/datasets/BEA_NIPA_Blob')]","[concat(variables('factoryId'), '/datasets/BeaNipa')]","[concat(variables('factoryId'), '/datasets/BeaMneCountryBlobs')]","[concat(variables('factoryId'), '/datasets/BeaMneCountry')]"]},{"name":"[concat(parameters('factoryName'), '/IMF_WEODATA_Blob')]","type":"Microsoft.DataFactory/factories/datasets","apiVersion":"2018-06-01","properties":{"linkedServiceName":{"referenceName":"[parameters('ItaDataServicesBlobStorage')]","type":"LinkedServiceReference"},"annotations":[],"type":"DelimitedText","typeProperties":{"location":{"type":"AzureBlobStorageLocation","fileName":"WEODATA.csv","container":"select-usa-stats"},"columnDelimiter":"\t","escapeChar":"\\","firstRowAsHeader":true,"nullValue":"NULL-VALUE","quoteChar":"\""},"schema":[{"name":"WEO Country Group Code","type":"String"},{"name":"WEO Subject Code","type":"String"},{"name":"Country Group Name","type":"String"},{"name":"Subject Descriptor","type":"String"},{"name":"Subject Notes","type":"String"},{"name":"Units","type":"String"},{"name":"Scale","type":"String"},{"name":"Series-specific Notes","type":"String"},{"name":"1980","type":"String"},{"name":"1981","type":"String"},{"name":"1982","type":"String"},{"name":"1983","type":"String"},{"name":"1984","type":"String"},{"name":"1985","type":"String"},{"name":"1986","type":"String"},{"name":"1987","type":"String"},{"name":"1988","type":"String"},{"name":"1989","type":"String"},{"name":"1990","type":"String"},{"name":"1991","type":"String"},{"name":"1992","type":"String"},{"name":"1993","type":"String"},{"name":"1994","type":"String"},{"name":"1995","type":"String"},{"name":"1996","type":"String"},{"name":"1997","type":"String"},{"name":"1998","type":"String"},{"name":"1999","type":"String"},{"name":"2000","type":"String"},{"name":"2001","type":"String"},{"name":"2002","type":"String"},{"name":"2003","type":"String"},{"name":"2004","type":"String"},{"name":"2005","type":"String"},{"name":"2006","type":"String"},{"name":"2007","type":"String"},{"name":"2008","type":"String"},{"name":"2009","type":"String"},{"name":"2010","type":"String"},{"name":"2011","type":"String"},{"name":"2012","type":"String"},{"name":"2013","type":"String"},{"name":"2014","type":"String"},{"name":"2015","type":"String"},{"name":"2016","type":"String"},{"name":"2017","type":"String"},{"name":"2018","type":"String"},{"name":"2019","type":"String"},{"name":"2020","type":"String"},{"name":"2021","type":"String"},{"name":"2022","type":"String"},{"name":"2023","type":"String"},{"name":"2024","type":"String"},{"name":"Estimates Start After","type":"String"}]},"dependsOn":[]},{"name":"[concat(parameters('factoryName'), '/ImfWeodata')]","type":"Microsoft.DataFactory/factories/datasets","apiVersion":"2018-06-01","properties":{"linkedServiceName":{"referenceName":"[parameters('AzureSqlDW_SelectUsa')]","type":"LinkedServiceReference"},"annotations":[],"type":"AzureSqlDWTable","schema":[{"name":"WEO Country Group Code","type":"varchar"},{"name":"WEO Subject Code","type":"varchar"},{"name":"Country Group Name","type":"varchar"},{"name":"Subject Descriptor","type":"varchar"},{"name":"Subject Notes","type":"varchar"},{"name":"Units","type":"varchar"},{"name":"Scale","type":"varchar"},{"name":"Series-specific Notes","type":"varchar"},{"name":"1980","type":"varchar"},{"name":"1981","type":"varchar"},{"name":"1982","type":"varchar"},{"name":"1983","type":"varchar"},{"name":"1984","type":"varchar"},{"name":"1985","type":"varchar"},{"name":"1986","type":"varchar"},{"name":"1987","type":"varchar"},{"name":"1988","type":"varchar"},{"name":"1989","type":"varchar"},{"name":"1990","type":"varchar"},{"name":"1991","type":"varchar"},{"name":"1992","type":"varchar"},{"name":"1993","type":"varchar"},{"name":"1994","type":"varchar"},{"name":"1995","type":"varchar"},{"name":"1996","type":"varchar"},{"name":"1997","type":"varchar"},{"name":"1998","type":"varchar"},{"name":"1999","type":"varchar"},{"name":"2000","type":"varchar"},{"name":"2001","type":"varchar"},{"name":"2002","type":"varchar"},{"name":"2003","type":"varchar"},{"name":"2004","type":"varchar"},{"name":"2005","type":"varchar"},{"name":"2006","type":"varchar"},{"name":"2007","type":"varchar"},{"name":"2008","type":"varchar"},{"name":"2009","type":"varchar"},{"name":"2010","type":"varchar"},{"name":"2011","type":"varchar"},{"name":"2012","type":"varchar"},{"name":"2013","type":"varchar"},{"name":"2014","type":"varchar"},{"name":"2015","type":"varchar"},{"name":"2016","type":"varchar"},{"name":"2017","type":"varchar"},{"name":"2018","type":"varchar"},{"name":"2019","type":"varchar"},{"name":"2020","type":"varchar"},{"name":"2021","type":"varchar"},{"name":"2022","type":"varchar"},{"name":"2023","type":"varchar"},{"name":"2024","type":"varchar"},{"name":"Estimates Start After","type":"varchar"}],"typeProperties":{"schema":"dbo","table":"IMF_WEODATA"}},"dependsOn":[]},{"name":"[concat(parameters('factoryName'), '/WorldbankEaseCountryMetadataBlob')]","type":"Microsoft.DataFactory/factories/datasets","apiVersion":"2018-06-01","properties":{"linkedServiceName":{"referenceName":"[parameters('ItaDataServicesBlobStorage')]","type":"LinkedServiceReference"},"annotations":[],"type":"DelimitedText","typeProperties":{"location":{"type":"AzureBlobStorageLocation","fileName":"WORLDBANK_EASE_COUNTRY_METADATA.csv","container":"select-usa-stats"},"columnDelimiter":",","escapeChar":"\\","firstRowAsHeader":true,"quoteChar":"\""},"schema":[{"name":"Country Code","type":"String"},{"name":"Region","type":"String"},{"name":"IncomeGroup","type":"String"},{"name":"SpecialNotes","type":"String"},{"name":"TableName","type":"String"}]},"dependsOn":[]},{"name":"[concat(parameters('factoryName'), '/WorldbankEaseCountryMetadata')]","type":"Microsoft.DataFactory/factories/datasets","apiVersion":"2018-06-01","properties":{"linkedServiceName":{"referenceName":"[parameters('AzureSqlDW_SelectUsa')]","type":"LinkedServiceReference"},"annotations":[],"type":"AzureSqlDWTable","schema":[{"name":"COUNTRY_CODE","type":"varchar"},{"name":"REGION","type":"varchar"},{"name":"INCOME_GROUP","type":"varchar"},{"name":"SPECIAL_NOTES","type":"varchar"},{"name":"TABLE_NAME","type":"varchar"}],"typeProperties":{"schema":"dbo","table":"WORLDBANK_EASE_COUNTRY_METADATA"}},"dependsOn":[]},{"name":"[concat(parameters('factoryName'), '/WorldbankEaseCountryIndexBlob')]","type":"Microsoft.DataFactory/factories/datasets","apiVersion":"2018-06-01","properties":{"linkedServiceName":{"referenceName":"[parameters('ItaDataServicesBlobStorage')]","type":"LinkedServiceReference"},"annotations":[],"type":"DelimitedText","typeProperties":{"location":{"type":"AzureBlobStorageLocation","fileName":"WORLDBANK_EASE_COUNTRY_INDEX.csv","container":"select-usa-stats"},"columnDelimiter":",","escapeChar":"\\","firstRowAsHeader":false,"quoteChar":"\""},"schema":[]},"dependsOn":[]},{"name":"[concat(parameters('factoryName'), '/WorldbankEaseCountryIndex')]","type":"Microsoft.DataFactory/factories/datasets","apiVersion":"2018-06-01","properties":{"linkedServiceName":{"referenceName":"[parameters('AzureSqlDW_SelectUsa')]","type":"LinkedServiceReference"},"annotations":[],"type":"AzureSqlDWTable","schema":[{"name":"Country Name","type":"varchar"},{"name":"Country Code","type":"varchar"},{"name":"Indicator Name","type":"varchar"},{"name":"Indicator Code","type":"varchar"},{"name":"1960","type":"int","precision":10},{"name":"1961","type":"int","precision":10},{"name":"1962","type":"int","precision":10},{"name":"1963","type":"int","precision":10},{"name":"1964","type":"int","precision":10},{"name":"1965","type":"int","precision":10},{"name":"1966","type":"int","precision":10},{"name":"1967","type":"int","precision":10},{"name":"1968","type":"int","precision":10},{"name":"1969","type":"int","precision":10},{"name":"1970","type":"int","precision":10},{"name":"1971","type":"int","precision":10},{"name":"1972","type":"int","precision":10},{"name":"1973","type":"int","precision":10},{"name":"1974","type":"int","precision":10},{"name":"1975","type":"int","precision":10},{"name":"1976","type":"int","precision":10},{"name":"1977","type":"int","precision":10},{"name":"1978","type":"int","precision":10},{"name":"1979","type":"int","precision":10},{"name":"1980","type":"int","precision":10},{"name":"1981","type":"int","precision":10},{"name":"1982","type":"int","precision":10},{"name":"1983","type":"int","precision":10},{"name":"1984","type":"int","precision":10},{"name":"1985","type":"int","precision":10},{"name":"1986","type":"int","precision":10},{"name":"1987","type":"int","precision":10},{"name":"1988","type":"int","precision":10},{"name":"1989","type":"int","precision":10},{"name":"1990","type":"int","precision":10},{"name":"1991","type":"int","precision":10},{"name":"1992","type":"int","precision":10},{"name":"1993","type":"int","precision":10},{"name":"1994","type":"int","precision":10},{"name":"1995","type":"int","precision":10},{"name":"1996","type":"int","precision":10},{"name":"1997","type":"int","precision":10},{"name":"1998","type":"int","precision":10},{"name":"1999","type":"int","precision":10},{"name":"2000","type":"int","precision":10},{"name":"2001","type":"int","precision":10},{"name":"2002","type":"int","precision":10},{"name":"2003","type":"int","precision":10},{"name":"2004","type":"int","precision":10},{"name":"2005","type":"int","precision":10},{"name":"2006","type":"int","precision":10},{"name":"2007","type":"int","precision":10},{"name":"2008","type":"int","precision":10},{"name":"2009","type":"int","precision":10},{"name":"2010","type":"int","precision":10},{"name":"2011","type":"int","precision":10},{"name":"2012","type":"int","precision":10},{"name":"2013","type":"int","precision":10},{"name":"2014","type":"int","precision":10},{"name":"2015","type":"int","precision":10},{"name":"2016","type":"int","precision":10},{"name":"2017","type":"int","precision":10},{"name":"2018","type":"int","precision":10}],"typeProperties":{"schema":"dbo","table":"WORLDBANK_EASE_COUNTRY_INDEX"}},"dependsOn":[]},{"name":"[concat(parameters('factoryName'), '/BEA_NIPA_Blob')]","type":"Microsoft.DataFactory/factories/datasets","apiVersion":"2018-06-01","properties":{"linkedServiceName":{"referenceName":"[parameters('ItaDataServicesBlobStorage')]","type":"LinkedServiceReference"},"annotations":[],"type":"Json","typeProperties":{"location":{"type":"AzureBlobStorageLocation","fileName":"BEA_NIPA.json","container":"select-usa-stats"}},"schema":{"type":"object","properties":{"BEAAPI":{"type":"object","properties":{"Request":{"type":"object","properties":{"RequestParam":{"type":"array","items":{"type":"object","properties":{"ParameterName":{"type":"string"},"ParameterValue":{"type":"string"}}}}}},"Results":{"type":"object","properties":{"Statistic":{"type":"string"},"UTCProductionTime":{"type":"string"},"Dimensions":{"type":"array","items":{"type":"object","properties":{"Ordinal":{"type":"string"},"Name":{"type":"string"},"DataType":{"type":"string"},"IsValue":{"type":"string"}}}},"Data":{"type":"array","items":{"type":"object","properties":{"TableName":{"type":"string"},"SeriesCode":{"type":"string"},"LineNumber":{"type":"string"},"LineDescription":{"type":"string"},"TimePeriod":{"type":"string"},"METRIC_NAME":{"type":"string"},"CL_UNIT":{"type":"string"},"UNIT_MULT":{"type":"string"},"DataValue":{"type":"string"}}}},"Notes":{"type":"array","items":{"type":"object","properties":{"NoteRef":{"type":"string"},"NoteText":{"type":"string"}}}}}}}}}}},"dependsOn":[]},{"name":"[concat(parameters('factoryName'), '/BeaNipa')]","type":"Microsoft.DataFactory/factories/datasets","apiVersion":"2018-06-01","properties":{"linkedServiceName":{"referenceName":"[parameters('AzureSqlDW_SelectUsa')]","type":"LinkedServiceReference"},"annotations":[],"type":"AzureSqlDWTable","schema":[{"name":"TableName","type":"varchar"},{"name":"SeriesCode","type":"varchar"},{"name":"LineNumber","type":"int","precision":10},{"name":"LineDescription","type":"varchar"},{"name":"TimePeriod","type":"int","precision":10},{"name":"METRIC_NAME","type":"varchar"},{"name":"CL_UNIT","type":"varchar"},{"name":"UNIT_MULT","type":"int","precision":10},{"name":"DataValue","type":"int","precision":10},{"name":"NoteRef","type":"int","precision":10}],"typeProperties":{"schema":"dbo","table":"BEA_NIPA"}},"dependsOn":[]},{"name":"[concat(parameters('factoryName'), '/BeaMneCountryBlobs')]","type":"Microsoft.DataFactory/factories/datasets","apiVersion":"2018-06-01","properties":{"linkedServiceName":{"referenceName":"[parameters('ItaDataServicesBlobStorage')]","type":"LinkedServiceReference"},"annotations":[],"type":"Json","typeProperties":{"location":{"type":"AzureBlobStorageLocation","folderPath":"bea-mne-country","container":"select-usa-stats"}},"schema":{"type":"object","properties":{"BEAAPI":{"type":"object","properties":{"Request":{"type":"object","properties":{"RequestParam":{"type":"array","items":{"type":"object","properties":{"ParameterName":{"type":"string"},"ParameterValue":{"type":"string"}}}}}},"Results":{"type":"object","properties":{"Table_Count":{"type":"string"},"rowTypeID":{"type":"string"},"InvestmentType":{"type":"string"},"DataType":{"type":"string"},"Entity":{"type":"string"},"IndustryClassification":{"type":"string"},"YearList":{"type":"string"},"DIRECTIONOFINVESTMENT":{"type":"string"},"OwnershipLevel":{"type":"string"},"NonbankAffiliatesOnly":{"type":"string"},"Tables":{"type":"string"},"cnt":{"type":"string"},"Dimensions":{"type":"array","items":{"type":"object","properties":{"Ordinal":{"type":"string"},"Name":{"type":"string"},"DataType":{"type":"string"},"IsValue":{"type":"string"}}}},"Data":{"type":"array","items":{"type":"object","properties":{"Year":{"type":"string"},"SeriesID":{"type":"string"},"SeriesName":{"type":"string"},"Row":{"type":"string"},"ColumnGParent":{"type":"string"},"ColumnParent":{"type":"string"},"Column":{"type":"string"},"RowCode":{"type":"string"},"ColumnCode":{"type":"string"},"ColumnParentCode":{"type":"string"},"ColumnGParentCode":{"type":"string"},"TableScale":{"type":"string"},"DataValueUnformatted":{"type":"string"},"TableColumnDisplayOrder":{"type":"string"},"TableRowDisplayOrder":{"type":"string"},"DataValue":{"type":"string"}}}}}}}}}}},"dependsOn":[]},{"name":"[concat(parameters('factoryName'), '/BeaMneCountry')]","type":"Microsoft.DataFactory/factories/datasets","apiVersion":"2018-06-01","properties":{"linkedServiceName":{"referenceName":"[parameters('AzureSqlDW_SelectUsa')]","type":"LinkedServiceReference"},"annotations":[],"type":"AzureSqlDWTable","schema":[{"name":"CLASSIFICATION","type":"varchar"},{"name":"DIRECTIONOFINVESTMENT","type":"varchar"},{"name":"OwnershipLevel","type":"int","precision":10},{"name":"Year","type":"int","precision":10},{"name":"SeriesID","type":"int","precision":10},{"name":"SeriesName","type":"varchar"},{"name":"Row","type":"varchar"},{"name":"Column","type":"varchar"},{"name":"RowCode","type":"varchar"},{"name":"ColumnCode","type":"varchar"},{"name":"TableScale","type":"varchar"},{"name":"DataValueUnformatted","type":"varchar"},{"name":"DataValue","type":"varchar"}],"typeProperties":{"schema":"dbo","table":"BEA_MNE_COUNTRY"}},"dependsOn":[]}]}